Function,Mean,Std,Best,Median,Worst,MaxFEs,PopSize,Runs,Dim,K
F1,37296.7929821358,33417.0537515259,300,39510.3799223147,111711.79144171,100000,50,30,20,5
F2,442.812208537146,18.7483774752712,400.552709863369,449.084478979482,472.422424498151,100000,50,30,20,5
F3,630.501454272341,12.1417335593079,608.040689234302,629.258343034119,651.941974207027,100000,50,30,20,5
F4,926.671557011064,69.2856920217453,842.783118182706,892.064191377866,1074.24755741356,100000,50,30,20,5
F5,3805.3551963123,2657.34151804212,1091.00830585339,3065.76713153683,12368.3630353995,100000,50,30,20,5
F6,2472956.36210161,9202656.74083482,2118.02174454788,9804.63426265959,43118735.3282282,100000,50,30,20,5
F7,2201.37370353064,94.6386893224573,2051.90846322176,2175.92624272777,2407.56152977281,100000,50,30,20,5
F8,2316.64716431926,73.4129423171079,2223.45719256407,2326.64872500896,2471.4559391068,100000,50,30,20,5
F9,2491.08504757389,25.4460547268156,2480.78127167775,2480.849536181,2577.51057326719,100000,50,30,20,5
F10,5004.65955144009,1486.96622553131,2501.22855472879,4951.70186893722,8002.92744987639,100000,50,30,20,5
F11,2979.86962759915,201.984297069798,2600,2900,3565.91490673178,100000,50,30,20,5
F12,2997.50102676407,36.4030229449871,2947.76932672338,2991.81887088201,3132.7457662471,100000,50,30,20,5
